patient_id,condition,window_index,window_start_unix,target_cognitive_load,eeg_available,wearable_available,eeg_delta_mean,eeg_delta_variability,eeg_theta_mean,eeg_theta_variability,eeg_alpha_mean,eeg_alpha_variability,eeg_beta_mean,eeg_beta_variability,eeg_gamma_mean,eeg_gamma_variability,eeg_theta_alpha_ratio,eeg_beta_alpha_ratio,wearable_pulse_rate_bpm,wearable_pulse_interval_rmssd_ms,wearable_bvp_variability,wearable_eda_mean,wearable_eda_variability,wearable_eda_slope,wearable_temperature_mean,wearable_temperature_variability,wearable_temperature_slope
cogwear_00,baseline,0,1767084724.0,0,1,1,0.36106046570202677,0.38510425842064094,0.1841143459711091,0.2639516343879137,0.4602554054368667,0.24212600528365602,0.614072757390165,0.4079269894029742,0.46102430974909353,0.49620581208187337,-0.2761410594657576,0.15381735195329826,78.11563169164883,202.06649878797927,26.332487292596,0.28052804166666667,0.004297398056568329,-0.00044377327592193564,33.95883333333334,0.021023135404173776,-0.0020781998749907823
cogwear_00,baseline,1,1767084754.0,0,1,1,0.186357028827285,0.34388536044075774,0.06414268986326686,0.33810668969250907,0.4422123909971615,0.23924475617362992,0.6626143280082278,0.33277049774058104,0.514219470608692,0.3793823424893021,-0.3780697011338946,0.22040193701106636,82.4476650563607,140.73624517205297,27.66685547565106,0.2733781916666667,0.0026242043565489616,-0.0001517119105493427,33.91833333333333,0.013059692016107634,-0.0009239530522963047
cogwear_00,baseline,2,1767084784.0,0,1,1,0.1484217631470451,0.322245330407799,0.0715889774473063,0.2703749099444563,0.41610088597589046,0.2594460035220692,0.6061933310681792,0.3445091999726086,0.39220657461280883,0.37156577177491595,-0.34451190852858415,0.19009244509228873,85.33333333333333,173.74690869552185,24.981835771501977,0.2717881833333333,0.0031235743761043318,-0.000176356441419539,33.88008333333334,0.023469690856268485,-0.0019705535106601516
cogwear_00,baseline,3,1767084814.0,0,1,1,0.31586527988368956,0.37147137845334505,0.13700087430485725,0.3156267006702428,0.4957387499521657,0.28556166411719885,0.6300515986997255,0.279512910877742,0.3722328821150665,0.36144792595971825,-0.35873787564730847,0.13431284874755978,85.05672609400324,132.30601956260344,23.90882744259242,0.2648197166666667,0.003349884137755939,-0.0002480500868115827,33.82491666666667,0.017841703643119176,-0.001494131536912344
cogwear_00,baseline,4,1767084844.0,0,1,1,0.3308742345479018,0.3703193870400387,0.20669153283760966,0.3634133818641828,0.5277923264384274,0.29434094598121735,0.6561135865293434,0.31148291886431584,0.5152528068315054,0.3558003026301492,-0.3211007936008178,0.12832126009091593,83.20693391115927,224.69318914198283,46.965407824923126,0.26182125,0.0041589248014561,0.00029701657059517684,33.777833333333334,0.021023135404173908,-0.001843739148552317
cogwear_00,cognitive_load,0,1767084382.75,1,1,1,0.2770759053264647,0.38318183262271466,0.024341318963726575,0.2462946357483159,0.29441743668026793,0.23547544198248443,0.8128343414945826,0.3842967500301194,0.6059943663579761,0.33542324597454776,-0.27007611771654133,0.5184169048143146,83.38762214983714,309.34909888986965,42.33930084796209,0.4871889,0.01057628244895153,-0.000959068379748595,34.98633333333334,0.010796089827134873,0.00041336203903096777
cogwear_00,cognitive_load,1,1767084412.75,1,1,1,0.2667962202103369,0.4016280682117011,-0.014365490231334774,0.3073286833695708,0.23698086546343827,0.287196384516045,0.7347587475090215,0.47553042862908007,0.540486708484056,0.4610487352163755,-0.25134635569477304,0.4977778820455832,81.52866242038216,243.6852724709287,44.899831028777385,0.4677411083333334,0.011494108439976131,-0.0012191281755677447,34.964666666666666,0.019189117286165562,-0.001767900548649139
cogwear_00,cognitive_load,2,1767084442.75,1,1,1,0.4015067013910329,0.4744750181155343,0.1786386624153534,0.29863095518378185,0.3992848989814722,0.25384633633146697,0.5302094651515903,0.3196010070110874,0.2933173817696886,0.32792845210835236,-0.2206462365661188,0.1309245661701181,82.58064516129032,311.6072986528364,49.873414001809984,0.43786479999999994,0.010568292487909293,-0.0011876220015278917,34.88416666666667,0.03277660073216065,-0.0035519133273145456
cogwear_00,cognitive_load,3,1767084472.75,1,1,1,0.2507322276896393,0.36066802539068515,0.15741589501882813,0.33747118123636305,0.41031679000113275,0.1849954236063886,0.5405065481631846,0.31917239574568856,0.21202856173160226,0.3057814339843561,-0.2529008949823046,0.1301897581620518,85.4259359739555,269.2197021892622,60.36360224769295,0.40024992499999995,0.01179741502205921,-0.0013451823737759578,34.7915,0.02942929379603441,-0.0031218834641293376
cogwear_00,cognitive_load,4,1767084502.75,1,1,1,0.3450585329411021,0.3778473733911199,0.1811780973112273,0.29143648732819794,0.3478002249950546,0.23252513417950438,0.5031803849915993,0.29030672241925193,0.33369265928429553,0.3212919930298155,-0.16662212768382728,0.15538015999654475,88.29946524064171,265.98583684434345,48.682311626270824,0.36189868333333336,0.011657429199858871,-0.001323140551427186,34.69233333333333,0.03378198073266619,-0.00372359191610567
cogwear_01,baseline,0,1760267840.0,0,1,1,0.2796086506736511,0.5698580557487699,0.14301423062558918,0.44032541198966546,0.6633645850908833,0.5602647937984702,0.3047967505727964,0.3694988516487562,-0.02691759396147449,0.3488633067176575,-0.5203503544652941,-0.3585678345180868,63.4203516249334,58.94857840383713,35.66448293696097,0.19129762499999997,0.0016170477990384222,7.1939454128757e-05,34.531666666666666,0.021147629234081262,-0.001984582262656304
cogwear_01,baseline,1,1760267870.0,0,1,1,0.27604759902766696,0.5516313972816511,0.1282242209178691,0.44361465729127114,0.636934166918737,0.5823213995845382,0.33631644381280773,0.3565421910639431,0.08472221190111368,0.3343226920169126,-0.5087099460008679,-0.3006177231059293,65.99355531686359,117.33022222934336,36.98725283350866,0.1935817916666667,0.0033724940125863206,0.00011450888256128822,34.49566666666667,0.009195409482755532,-0.0006722689075631534
cogwear_01,baseline,2,1760267900.0,0,1,1,0.2031807229167592,0.4102723760383265,0.09670426622993133,0.37448816172168525,0.6829576764252733,0.594626531539961,0.32594250154568827,0.3408122563392962,0.03277620417734818,0.31509622433088097,-0.5862534101953419,-0.357015174879585,64.59034183396636,74.71734933512207,38.1131710052423,0.19610108333333334,0.0022937788566153353,5.612011945273848e-05,34.464333333333336,0.01295719448371698,-0.000459476352524262
cogwear_01,cognitive_load,0,1760267476.0,1,1,1,0.18961907732510053,0.3411878333251034,0.06595903063625906,0.29061149805198533,0.35276101723985853,0.3158858224915426,0.3379175936670477,0.1835749660597499,0.007993579439961115,0.1982450488736061,-0.28680198660359946,-0.014843423572810821,67.87359400107124,254.49151297397177,51.07734914785592,0.12757893333333334,0.003936193820882752,0.0003921747343565507,35.360833333333325,0.04138404147601893,-0.004532259184665787
cogwear_01,cognitive_load,1,1760267506.0,1,1,1,0.30547212705018206,0.32889963641274783,0.09013744337775385,0.2880129919948036,0.3496745417443785,0.30731026573249837,0.3661316186628888,0.19153791386321564,0.03506834610543456,0.19920218995661587,-0.25953709836662464,0.016457076918510283,70.04291845493563,325.08967658473824,33.89648464211763,0.13573462500000003,0.0025156561041555343,0.0002265926105979601,35.23675,0.0365641559454073,-0.0040318077644287496
cogwear_01,cognitive_load,2,1760267536.0,1,1,1,0.3273424437887396,0.40086895582774046,0.0844767356895894,0.3353497453708454,0.3494901211803813,0.3023890223604876,0.40697827678550175,0.1920609173676915,0.07209096495006945,0.20700399243338177,-0.2650133854907919,0.05748815560512044,65.46616941928609,255.57666255655735,29.625944461824336,0.14108322499999998,0.0016700778348253662,8.286160150010206e-05,35.132083333333334,0.024010269793475984,-0.0025311479963882584
cogwear_02,baseline,0,1769236119.5,0,1,1,0.4848527766000783,0.40791744324438206,0.26008454225209793,0.372692146924102,0.417932125959062,0.22512498382651155,1.016868141137173,0.2806380222674127,0.8218826688209084,0.2524299614129006,-0.15784758370696406,0.5989360151781109,82.62506724045186,46.06674975177115,71.46815737174053,0.378638575,0.004430305056581884,-0.0003845935828877071,33.12783333333333,0.012054275405662156,-0.0006086533787068022
cogwear_02,baseline,1,1769236149.5,0,1,1,0.40740462218856355,0.46989535288766643,0.20559363306323655,0.43197447380196635,0.39569642681727923,0.3128923097057102,1.0101320292806104,0.2738173380271292,0.8351809098167521,0.2912426041504972,-0.19010279375404268,0.6144356024633312,80.96995255666843,47.34010706768086,62.987577887325294,0.37770984999999996,0.00617376883495811,0.00041364939231891546,33.08016666666666,0.019831932723655483,-0.0018592957844299775
cogwear_02,baseline,2,1769236179.5,0,1,1,0.4436577662909958,0.4696324166426996,0.2504774395609555,0.36555398853808607,0.42722067694953475,0.30643105670318443,1.0921261272665772,0.2581147436805695,0.9378676977285028,0.2632856054982152,-0.17674323738857928,0.6649054503170424,80.6896551724138,43.46121796619675,62.72764167310678,0.3740803166666667,0.0032110243821957415,-3.761361205638809e-05,33.03083333333333,0.02329461072627892,-0.0022415445517054784
cogwear_02,baseline,3,1769236209.5,0,1,1,0.09765957055831286,0.41941819661689583,-0.02371451663109664,0.2676637907631045,0.31959595442347505,0.23217439285797764,1.17403530084121,0.2879126022893436,1.109526292344456,0.2974257435391443,-0.3433104710545717,0.8544393464177351,84.78190630048466,82.34686308157099,84.57178219286837,0.3681659083333333,0.005674879280648226,-0.00019143389124245226,32.974333333333334,0.015954797258365617,-0.0010061809847913734
cogwear_02,baseline,4,1769236239.5,0,1,1,0.2559090397272956,0.511887244849177,0.0901856385323927,0.39983675163457777,0.38786815213929293,0.29619346214549713,1.0123330489030071,0.3369176778159924,0.8155879516692535,0.3681944233922608,-0.29768251360690023,0.6244648967637142,88.87953708574435,106.40165305696999,72.38523584681431,0.3716142833333333,0.0030852510815797284,0.0001416586707410218,32.955333333333336,0.01359738536957982,0.00016001111188295767
cogwear_02,cognitive_load,0,1769235687.25,1,1,1,0.5003196376829865,0.3460996371252816,0.28280234707930496,0.2660141699596037,0.5355597859951956,0.2671717011374248,0.718890130531535,0.3370954510299778,0.5253831957449251,0.356363977330632,-0.25275743891589064,0.18333034453633945,106.3825253063399,157.63783165261202,145.02554759388056,0.3486193416666667,0.01800812384661241,0.0012142273907910235,33.29333333333333,0.04181971890016599,-0.004604764219737642
cogwear_02,cognitive_load,1,1769235717.25,1,1,1,0.3361753134897171,0.25938267387091835,0.09624035162211601,0.26125066978008715,0.37191652927042745,0.20933668325016488,0.8290280574814527,0.27803036785134505,0.5795365242328775,0.29258992992739025,-0.2756761776483114,0.45711152821102524,97.93836344314559,144.5233878683912,108.64477937285592,0.36738740000000003,0.005101622703284382,-6.521919577748424e-05,33.19033333333333,0.023732303348437896,-0.0023223834988542556
cogwear_02,cognitive_load,2,1769235747.25,1,1,1,0.3255894952384623,0.35400322385932,0.12641409836251866,0.28274354628323856,0.4138816994291151,0.24029355360010152,0.7976079224413266,0.25413144764205897,0.6432513331917667,0.2682440562970483,-0.28746760106659647,0.3837262230122115,93.20388349514562,116.14116208842583,141.70149626790138,0.3591991,0.005006011473551905,-0.0004094379887492191,33.14666666666666,0.01699673171197452,-0.0015912216126124832
cogwear_02,cognitive_load,3,1769235777.25,1,1,1,0.23522402905303205,0.38053995673706337,0.07505086658189887,0.2890570192350084,0.3653568002818664,0.20350827520786344,0.8213662464290311,0.24217116474762698,0.6114783685282895,0.2486381172412775,-0.29030593369996754,0.4560094461471647,95.48108108108107,97.29969631390314,107.79711844869402,0.36045873333333334,0.003176565437526649,0.00021721914021807312,33.10000000000001,0.018439088914585573,-0.0016312243905830795
cogwear_02,cognitive_load,4,1769235807.25,1,1,1,0.3217189800182288,0.43970072701665286,0.058333624440360436,0.38048722986128175,0.31300719545243894,0.26103828575915977,0.8286723079453691,0.2389978552336073,0.5720836630363647,0.256214013525728,-0.2546735710120785,0.5156651124929301,98.19925412892916,130.94648924355616,109.11048551296811,0.36077899166666666,0.0026367218867874324,-2.1280991735538668e-05,33.06,0.015275252316520459,-0.0008222793249531074
cogwear_04,baseline,0,1708758228.0,0,1,1,0.28050982030214083,0.35607288221850664,0.21835066641035242,0.35183526783231334,0.5196848425243865,0.33596689010271324,0.4068564219846264,0.2047270702869209,0.16762057389303997,0.24548516677836726,-0.3013341761140341,-0.11282842053976011,68.98203592814372,116.17400279658634,56.94384838081538,0.5315284333333333,0.01942858997188307,0.001577367789429815,34.64249999999999,0.01184975386523392,0.001008681158413756
cogwear_04,baseline,1,1708758258.0,0,1,1,0.2978007453197369,0.4116053231477951,0.265980353291889,0.36811817161773686,0.5757334256265779,0.38289710307529234,0.37297516172616635,0.16162391300860263,0.09618630333115467,0.2107956212554226,-0.3097530723346889,-0.20275826390041157,64.41558441558442,177.6263121579495,50.82452695611119,0.5273006416666667,0.0052429196458904335,-0.000385700020834783,34.67274999999999,0.014997916521971816,0.0009663171053545254
cogwear_04,baseline,2,1708758288.0,0,1,1,0.19028825732283483,0.3961908568271293,0.2657686625931758,0.35925410030328336,0.6190704278505331,0.4248588732461921,0.39999470690505484,0.22179349723213873,0.18154294245251854,0.22719849752354174,-0.35330176525735735,-0.21907572094547828,62.54071661237785,250.7901038425257,52.967579518958786,0.528869925,0.005257612154711976,0.00013668095006597102,34.67183333333333,0.012109454524829998,-7.639419404150997e-05
cogwear_04,baseline,3,1708758318.0,0,1,1,0.6863573581563542,0.29974107676927747,0.49335375883021365,0.32282823588862986,0.6909409577933715,0.3355909834234552,0.6571013641794593,0.274373956372342,0.4605512109364458,0.25896463205592585,-0.19758719896315785,-0.0338395936139122,71.22749590834697,266.3620567294665,56.95033062039331,0.5041782416666667,0.024855160485633503,-0.0024830219181887717,34.686249999999994,0.017984368212423982,0.0014360719494405033
cogwear_04,baseline,4,1708758348.0,0,1,1,0.27569126623551826,0.4121061807397669,0.2007350509938324,0.32001112469664567,0.47524939650936937,0.3317933607556182,0.30814846254710815,0.29344687365615824,0.16809673818897847,0.3613387806717847,-0.274514345515537,-0.16710093396226122,65.01587301587301,166.02489004032867,37.00039543533852,0.5601377916666667,0.022194972829034904,0.0018185111049378443,34.721999999999994,0.009797958971130763,0.00024446142093239047
cogwear_04,cognitive_load,0,1708757875.75,1,1,1,0.19647186650218984,0.2745760039807566,0.18390642641976612,0.3077824449630536,0.44660729350569184,0.2292145345860255,0.3669425459739631,0.21453043331790095,0.240095872997775,0.24516968543565854,-0.2627008670859257,-0.07966474753172875,79.00378992961559,215.26850671454037,45.39708932438593,0.3769488583333333,0.0050465985463739715,-0.0004123088131120207,34.99266666666667,0.025223445883190587,-0.0025924022501562878
cogwear_04,cognitive_load,1,1708757905.75,1,1,1,0.22563671883258138,0.4465071827309153,0.19300474636904058,0.3267966102996023,0.42178619865994854,0.2386862549856488,0.3546649681741617,0.19484889243477838,0.19367563967889542,0.17842861350507952,-0.22878145229090796,-0.06712123048578683,84.1025641025641,252.99717065488102,37.21975003036546,0.3665310833333333,0.002806164311485619,-0.0002624628099173589,34.92533333333333,0.022910453703253928,-0.002173484269741433
cogwear_04,cognitive_load,2,1708757935.75,1,1,1,0.160962864481112,0.3593796524934325,0.0879855042746122,0.2743678264557382,0.319950123776971,0.2654652834469416,0.2746441348338846,0.24358575713980177,0.03212170643718539,0.1399054790055997,-0.2319646195023588,-0.045305988943086406,82.01533406352684,205.43661883547594,55.250284628672915,0.36500484166666664,0.005556020392324939,0.000526614723244667,34.87933333333333,0.025486379804818764,0.001425654559344954
cogwear_04,cognitive_load,3,1708757965.75,1,1,1,0.06708070679744672,0.33052662948372347,0.07393322570283438,0.2856965244029896,0.32207708382986383,0.230007537459571,0.2667995035288828,0.18309106049857748,0.0695290788533476,0.16417662994267074,-0.24814385812702944,-0.05527758030098101,79.37430167597765,251.8647899088583,36.07622515804029,0.4049251916666667,0.012434906223541212,0.0013127282033474515,34.888166666666656,0.02390897088728071,-0.0021184804500307256
cogwear_04,cognitive_load,4,1708757995.75,1,1,1,0.06073158230400037,0.3465393900753204,0.08563343801875288,0.31454952957792287,0.40491526996569777,0.26968068598524036,0.21740340569332367,0.20587818617810438,-0.0500409573413382,0.16814720043590073,-0.31928183194694487,-0.1875118642723741,80.8869179600887,259.16223771236633,34.37224781642523,0.4238287,0.010882076244602102,0.0009973512882839035,34.81516666666666,0.02717177866013887,-0.0028196402527953606
cogwear_05,baseline,0,1660301751.0,0,1,1,0.2378934152563625,0.44011977016905274,0.06905275515893025,0.33698888377341696,0.27130337491232764,0.22826231789131762,0.4314167821782759,0.3615679238098579,0.18927173588558463,0.34847187504979554,-0.2022506197533974,0.16011340726594825,76.01926163723917,277.64618193620095,13.046690032284152,0.06046401666666667,0.00251254361482321,-9.871843878047101e-05,31.40366666666667,0.012644717825593503,-0.00030168761719612795
cogwear_05,baseline,1,1660301781.0,0,1,1,0.38861548639624033,0.3566033974500602,0.19634086113299992,0.2940685444164859,0.3679517121702476,0.24948823989214697,0.43170451936983756,0.34480727331618183,0.24078751235031184,0.3549788740166843,-0.17161085103724766,0.06375280719958998,76.921454928835,388.51626761656036,19.40736658532898,0.05894841666666666,0.0015637887889318324,-7.524272518925086e-06,31.384833333333333,0.015164835054236903,-0.0005042016806722408
cogwear_05,baseline,2,1660301811.0,0,1,1,0.3037884397881658,0.3197288258908418,0.15257957640030526,0.33060785304881996,0.31830745174148994,0.2200837543972179,0.4666281931477263,0.3260954979825051,0.21237187863281698,0.37069742309890935,-0.1657278753411847,0.14832074140623636,77.55458515283843,288.2166679015112,18.138376906160335,0.05943936666666667,0.0015728388184708837,3.737395652475879e-05,31.35533333333334,0.015434449203720708,-0.001226751857768162
cogwear_05,cognitive_load,0,1660301158.25,1,1,1,0.6924623981995923,0.4328013552822573,0.37071935645353027,0.4319953777162285,0.505613679138893,0.26455317863019956,0.636990898861566,0.481410404632386,0.42202369297089476,0.48005185390775895,-0.13489432268536272,0.13137721972267302,91.13924050632912,310.8889580656719,21.311658726827787,0.057720725,0.005138113817284997,0.0005576829363150218,32.30333333333333,0.022705848487900967,-0.0018401277866524409
cogwear_05,cognitive_load,1,1660301188.25,1,1,1,0.3551741812137973,0.4460946647017708,0.19067679694089268,0.28487252284393255,0.3975549638439489,0.23553951836029113,0.6043824015321988,0.5433034585610261,0.41851724987384675,0.5035523788415197,-0.20687816690305622,0.2068274376882499,88.2051282051282,322.6765620408092,16.762800694853755,0.063058225,0.0023002333847622937,9.697131745260262e-06,32.23966666666667,0.0231636688707902,-0.002317938745746022
cogwear_05,cognitive_load,2,1660301218.25,1,1,1,0.3919188819346228,0.37289551856148484,0.2359060933314962,0.2472219637965864,0.34850166528172105,0.24028473019355145,0.5750214813399518,0.4991593269710235,0.38218388283619203,0.4647220649934238,-0.11259557195022485,0.22651981605823074,83.47826086956522,185.70100506257364,11.624628624738337,0.06390155,0.002163735865927262,2.2881672338356687e-05,32.17699999999999,0.020518284528684753,-0.0018334606569899749
cogwear_06,baseline,0,1611470721.5,0,1,1,0.36507554405090553,0.3941746891345941,0.24374835277825188,0.3431180128008407,0.47564672184576917,0.31109738709258933,0.4228790442052669,0.16553063813851904,0.12091168074597591,0.1621197026279922,-0.2318983690675173,-0.052767677640502275,84.01280683030949,277.0850465955805,20.93708149365047,0.5197328583333333,0.019160643953729666,-0.0021601755816376194,32.64341666666667,0.018685816070543013,-0.0017602611292446013
cogwear_06,baseline,1,1611470751.5,0,1,1,0.341841673684361,0.3378081302069504,0.17789769730258825,0.34418691752922226,0.46084219777643476,0.2959828847722333,0.40370742200377857,0.1231480402809128,0.11991709773972381,0.16108869886359592,-0.2829445004738465,-0.05713477577265619,82.00747463961558,283.27927109601984,26.221387326912776,0.4661039666666666,0.011756670255599115,-0.0013112379470796693,32.583666666666666,0.01712373271872198,-0.0015217723453020357
cogwear_06,baseline,2,1611470781.5,0,1,1,0.3381955551040879,0.3988007557670472,0.25774789719607955,0.3447686582923739,0.4999138262001601,0.33103356299955644,0.35170972099870684,0.12814235793163203,0.010162714077069946,0.13972036253849343,-0.24216592900408057,-0.14820410520145327,86.33832976445396,249.80937854643508,22.10273072518377,0.4501135583333333,0.00951843166685548,-0.0007293800541704347,32.525,0.024596747752496383,-0.0024846169872904996
cogwear_06,baseline,3,1611470811.5,0,1,1,0.5560608512592815,0.42043416401130923,0.40771946809850973,0.34055676283237074,0.5579484837970459,0.3259399406215382,0.3184872613152677,0.13877441402504734,-0.018608918356157036,0.1415112756459537,-0.15022901569853614,-0.23946122248177815,89.6339522546419,227.70299849421355,16.494483889211487,0.4329701,0.0068495334541850365,-0.00046432616153899826,32.46033333333333,0.01672988012177235,-0.0016040002777973658
cogwear_06,baseline,4,1611470841.5,0,1,1,0.6608489982086173,0.46623222998416475,0.43641887478136765,0.36300422933385684,0.5523240306054449,0.31870803467400594,0.3477680300636637,0.1618156555380787,0.001435031178147005,0.16177118435866322,-0.11590515582407723,-0.2045560005417812,86.57004830917874,239.9737782613942,22.830415009282984,0.413553075,0.005747221821834875,-0.0005930036669213114,32.424,0.01907878402834046,-0.0017812348079731938
cogwear_06,cognitive_load,0,1611470325.29,1,1,1,0.42140859162772965,0.454653590291512,0.2621031780390045,0.3910759775798173,0.44850218294677885,0.2708254963049501,0.43216916101588815,0.20419296291283184,0.2980658435117908,0.2469489429242438,-0.18639900490777433,-0.0163330219308907,91.02535832414553,255.5308033162585,48.69973624693182,0.5993222333333333,0.021771832908115223,-0.0023051802208486857,32.783,0.014753530650886469,-0.0009372873116193125
cogwear_06,cognitive_load,1,1611470355.29,1,1,1,0.43636075102281935,0.3654262382486241,0.2165216344669868,0.31053415149012326,0.3241169296429046,0.2144467973470151,0.4377451970866992,0.2779676092918364,0.25315061309869363,0.31777749946878103,-0.10759529517591782,0.11362826744379456,94.81481481481481,228.467209080428,67.7648986767624,0.531368025,0.020043315124775182,-0.002183386776859504,32.77883333333333,0.013365585991226118,0.00036419195777525823
cogwear_06,cognitive_load,2,1611470385.29,1,1,1,0.3219888115103418,0.33374709341894987,0.21724321451569173,0.2561080108390129,0.4514174414846745,0.2229799175364081,0.4398086623176507,0.1724229047468874,0.2615616374100306,0.2594636965844701,-0.23417422696898277,-0.011608779167023797,94.35897435897435,246.65734075838893,77.02651836181278,0.4966971333333333,0.012610244507894717,-0.001105280672268905,32.79816666666667,0.012246314638381649,0.00087756094173206
cogwear_06,cognitive_load,3,1611470415.29,1,1,1,0.291709164755117,0.4699252420713327,0.21309041661091827,0.3486343361882673,0.4048890599061916,0.23006845407436427,0.38317742366539526,0.15423221112967825,0.22609641480382292,0.25118677977993603,-0.19179864329527335,-0.02171163624079636,88.83280757097792,290.70039969652765,63.02348535226562,0.4879653916666667,0.00677772525421304,-0.00031958709632614,32.82258333333333,0.012348807859689821,0.0008374192652265687
cogwear_06,cognitive_load,4,1611470445.29,1,1,1,0.21495513565315197,0.39164893373967957,0.164439658008651,0.2939139294390054,0.3782908971195666,0.20589880920932552,0.4377095994010953,0.19077999413630287,0.2018494727303862,0.188115233866284,-0.21385123911091558,0.05941870228152868,94.5610278372591,197.10634555572616,81.00186690338275,0.4950959083333333,0.011406437151155654,0.000869395583026606,32.83466666666667,0.00921351664072441,0.0002889089520105214
cogwear_07,baseline,0,1649753768.0,0,1,1,0.2914610120417034,0.3613725197066882,0.2664508948061168,0.35283406411418067,0.7328239677846649,0.43944404466084935,0.1683284259335946,0.2619335229865448,-0.19641735737736532,0.3196246184733695,-0.4663730729785481,-0.5644955418510702,59.51897381079636,163.5301738075751,57.939969210788405,0.1981824416666667,0.002435570579268276,0.00015571246614348348,31.04200000000001,0.014236104336041444,8.445030904922553e-05
cogwear_07,baseline,1,1649753798.0,0,1,1,0.3586977114981333,0.4186685355219306,0.25654958912880604,0.40464320446221325,0.6771354821795807,0.4566142116756947,0.11095071258611675,0.24263861163884395,-0.2523641039904325,0.2590710689768606,-0.4205858930507747,-0.566184769593464,59.67845659163988,246.96469324545447,56.964547062365014,0.19996480833333333,0.0015348679818138185,3.056255295506493e-05,31.038166666666665,0.011971029845236769,-0.0005175359399959691
cogwear_07,baseline,2,1649753828.0,0,1,1,0.2823959387836743,0.40507647174837846,0.18304237866355402,0.3419888748709663,0.5468575603500214,0.40054119663566123,0.06212293260569809,0.18780329627400855,-0.34811099337375195,0.16860417804540803,-0.3638151816864674,-0.48473462774432335,61.35537190082645,153.54806715999854,62.848584731831174,0.20051986666666666,0.0017407850955499654,7.039377734185116e-08,31.026,0.014047538337136992,-7.111604972536578e-05
cogwear_07,cognitive_load,0,1649753440.5,1,1,1,0.3924913542710954,0.3497676229553359,0.264976409420732,0.32221396386369483,0.5620021941801886,0.30898272762857854,0.23908884094313626,0.3516320909986048,-0.10027391315326933,0.41122510740877793,-0.2970257847594566,-0.32291335323705234,58.33420639078051,360.77947607526517,38.11657118536515,0.15243132499999998,0.0026640274715878957,0.00013994117647058967,30.83616666666666,0.018760922744424424,-0.00142815473296783
cogwear_07,cognitive_load,1,1649753470.5,1,1,1,0.2877117644848616,0.46270653215947005,0.2707784075993221,0.3862147647251124,0.5903771589439035,0.35074444151157363,0.15929455687433866,0.2726542675811552,-0.15194985134044348,0.32261808904907135,-0.31959875134458143,-0.43108260206956484,56.5938864628821,317.99554850688133,47.16048376827558,0.156786725,0.001986554114383746,0.00011997754010695162,30.797,0.016862186493255292,-0.0013350927147724612
cogwear_07,cognitive_load,2,1649753500.5,1,1,1,0.3467192749636437,0.38046423862121326,0.2890287073847718,0.38387700531140057,0.5861631607083216,0.367124378760515,0.16568103119827463,0.2971042951406045,-0.1293522973165158,0.34724375259034324,-0.2971344533235498,-0.42048212951004704,57.34400000000001,328.3040737103559,54.64708877382607,0.160522975,0.002030804772590168,6.350286825474085e-05,30.764499999999998,0.018612271937263652,-0.0012064726717136492
cogwear_08,baseline,0,1600928317.25,0,1,1,0.10670927317939702,0.38857119148992736,0.07433052907010068,0.291750512303077,0.37651909937866407,0.29279525269922774,0.09042049539630387,0.14338879419576406,-0.3170180429713493,0.1396853467296049,-0.3021885703085634,-0.2860986039823602,61.35537190082645,193.1126108485668,28.227185862138636,0.35906979166666664,0.007462048660718484,-0.0008387568442252914,34.303333333333335,0.0179505493571154,-0.0016001111188282263
cogwear_08,baseline,1,1600928347.25,0,1,1,0.3624459061026801,0.3872718291366833,0.17473487047401537,0.3637756504249707,0.44086101739062544,0.33091479757978165,0.11494974081372723,0.13009705781281097,-0.29653127995594913,0.16330848363168193,-0.2661261469166101,-0.3259112765768982,61.40724946695096,208.16039877070594,28.559877166711857,0.34284641666666676,0.002635148245619,-0.000196225348982568,34.248000000000005,0.02088061301782255,-0.002146815751093665
cogwear_08,baseline,2,1600928377.25,0,1,1,0.24434910160175521,0.35437930355774117,0.06664083426799258,0.27122422117626405,0.3695653318449673,0.28409181382231197,0.10531327787628682,0.12140087944801242,-0.2685346503946542,0.13255559569454284,-0.3029244975769747,-0.2642520539686805,56.31721890277023,136.62857603174214,24.011964460876566,0.3399539166666667,0.0017075224282730708,-1.1792596708107638e-05,34.16499999999999,0.022912878474779446,-0.00235349677060907
cogwear_08,baseline,3,1600928407.25,0,1,1,0.3647623527721852,0.47440831820630447,0.19123884893536197,0.3699904388351669,0.4115000800818021,0.30794675286267964,0.17118981859703813,0.13682079311467202,-0.22898493655142943,0.134029448508926,-0.22026123114644014,-0.24031026148476398,69.1891891891892,282.85003622489467,22.985234586273044,0.341640325,0.0026687546944923575,0.0001392847419959779,34.09666666666668,0.02149935399546322,-0.0021690395166328947
cogwear_08,baseline,4,1600928437.25,0,1,1,0.4054983922820547,0.4161989715032403,0.19992326121261253,0.33816044231042164,0.40728034027007776,0.302158228825978,0.15283221438865938,0.15637218057094904,-0.22614085621116634,0.1571431080122231,-0.20735707905746523,-0.2544481258814184,64.52032520325203,288.40719640379984,29.78099123400865,0.34561079166666675,0.003527031178143626,0.00018236367803319264,34.034,0.024979991993593288,-0.0024846169872911605
cogwear_08,cognitive_load,0,1600927975.026,1,1,1,0.6460632819078127,0.6755123567937226,0.26438455373275027,0.4331179981947816,0.3383833298161548,0.2714166237860592,0.2697902124164712,0.30002328287320085,-0.04013347120460721,0.33085203863720164,-0.07399877608340455,-0.0685931173996836,68.27586206896552,161.01143629316365,59.99891639948068,0.2264450083333333,0.007310836383405838,0.0007170858115146897,34.66733333333333,0.011527744310528143,0.0007067157441484969
cogwear_08,cognitive_load,1,1600928005.026,1,1,1,0.45808303660483857,0.42839147202708117,0.1856842634868544,0.32582574969856715,0.3076778473974628,0.23720837712845855,0.19223453534633847,0.196178344161323,-0.17913049406469903,0.17354395956631669,-0.12199358391060838,-0.11544331205112432,64.80130647795319,188.3660554169284,65.684492538775,0.25477879166666667,0.011570863215346722,0.0012257328008889502,34.69199999999999,0.014696938456699626,0.0006533787068545112
cogwear_08,cognitive_load,2,1600928035.026,1,1,1,0.2967875660219859,0.4181296233396079,0.15569577976340315,0.28908734017272986,0.35398872578606505,0.2661049845891479,0.12694004885737925,0.20497971934038867,-0.2115157330572331,0.19583057163151624,-0.1982929460226619,-0.2270486769286858,63.26194398682043,107.98064411879726,65.61532563690797,0.2812014833333334,0.008649405488224161,0.0009035223279394372,34.68666666666666,0.017950549357116277,-0.0012445308701993483
cogwear_08,cognitive_load,3,1600928065.026,1,1,1,0.3197896458558968,0.39849072386427414,0.09810665238431113,0.24519081008227067,0.30237249637520436,0.218291931397441,0.19685754315094628,0.23531278704264072,-0.10802929588841627,0.2873030825807726,-0.20426584399089323,-0.10551495322425808,65.5709711846318,134.23543952997827,70.88377811247098,0.29482378333333337,0.0040339501426090475,0.00032206764358636215,34.666666666666664,0.013743685418726594,-0.000822279324953195
cogwear_08,cognitive_load,4,1600928095.026,1,1,1,0.15642963300550006,0.36061014518171575,0.10606315513012357,0.2840230236478965,0.311111003735074,0.23586558300876315,0.1436309247840853,0.17480142248695196,-0.15563922927461757,0.21854600576782457,-0.20504784860495043,-0.1674800789509887,60.58759521218716,173.59126870735338,75.13511085206189,0.3006314,0.006499404300139102,0.0006251463573859255,34.649333333333324,0.009637888196532055,-0.0008089450656291412
cogwear_09,baseline,0,1637402270.254,0,1,1,0.3130456383783146,0.2769836479455471,0.1636611985433591,0.24303969472084164,0.45023949108087674,0.28753196730999514,0.3244277992305584,0.3204548330023284,0.14672585471976934,0.4629636250076213,-0.28657829253751765,-0.12581169185031832,55.901455767077266,145.43845347775118,54.31056453618531,1.4333200333333334,0.005526818086888308,0.000496978512396689,34.0745,0.027136998114505848,-0.0026943537745683028
cogwear_09,baseline,1,1637402300.254,0,1,1,0.4428315914390051,0.32434256437348996,0.22096040883624274,0.27552971973145574,0.39003985129078106,0.27682441981366257,0.25612543646231356,0.2991946512692168,0.01152923510158883,0.3711363785447645,-0.16907944245453832,-0.1339144148284675,53.96756756756756,76.92833515681983,55.87642571876056,1.452201025,0.005911051749988461,0.0005232541565386368,33.990833333333335,0.02256779908532465,-0.002272657823459865
cogwear_09,baseline,2,1637402330.254,0,1,1,0.6045207913080212,0.3522464927801229,0.3026412715714875,0.3558479123176141,0.5699448135062107,0.31338022159500833,0.2683373060874941,0.29324899906131596,-0.019729991822617803,0.32042234132491854,-0.2673035419347232,-0.3016075074187166,56.103896103896105,67.06579988655228,52.477831962969,1.4820007833333335,0.012258200636161449,0.001360635544135027,33.930166666666665,0.019407186526875928,-0.001910410445169997
cogwear_09,cognitive_load,0,1637401900.5,1,1,1,0.5244750053561211,0.25523018470726916,0.25652915456814485,0.2715569657045341,0.44813049549737854,0.1838823089474367,0.3985439228590906,0.28617433689465377,0.16898486979878366,0.3939192965715695,-0.1916013409292337,-0.04958657263828792,90.42386185243328,329.66864982733387,14.25698519136208,1.219817175,0.015338375742812809,-0.001210617862351542,35.652,0.06475080437080781,-0.007309952080005338
cogwear_09,cognitive_load,1,1637401930.5,1,1,1,0.5414788231994726,0.3761473366005305,0.36999637467184515,0.3226655608003618,0.5555929384861471,0.2627575273350874,0.4115534957758556,0.2751409231332204,0.21334935564074473,0.40736904850493766,-0.18559656381430195,-0.1440394427102915,98.51416354890434,197.91812476133293,9.398969209570103,1.2308760166666668,0.009921680737979256,-0.000981554607958896,35.46241666666666,0.051865142972478316,-0.005834988540871212
cogwear_09,cognitive_load,2,1637401960.5,1,1,1,0.5000786172646018,0.3257178975169629,0.20484447073035775,0.2529289682165394,0.45791665085463634,0.23173129790613475,0.4181831810438967,0.2962739457671827,0.1764258532219244,0.4165205834094749,-0.25307218012427857,-0.03973346981073966,75.83104772353265,281.99306602417425,25.004282249300964,1.2168709833333333,0.009024736257442042,-0.0004982941593166023,35.27158333333333,0.05397523866449297,-0.00600416695603852
cogwear_10,baseline,0,1721467286.0,0,1,1,0.36456340750479693,0.416551301963203,0.09895742118895381,0.32529519080382524,0.2610933406456734,0.24114525944937293,0.12800324425614562,0.20847347019420517,-0.18493357397662158,0.18178846436619758,-0.1621359194567196,-0.1330900963895278,72.9883843717001,38.45509904885362,63.79084959243946,0.38897630000000005,0.01070894239066896,-0.0012083287172720298,34.52674999999999,0.016338222057493825,0.0009796513646778385
cogwear_10,baseline,1,1721467316.0,0,1,1,0.22622638081643773,0.4754284377778861,0.10499782956582908,0.35954310471079176,0.24103217464357965,0.2474583337935158,0.10464195472028309,0.178502421059505,-0.18779475262402276,0.15887054122692645,-0.13603434507775058,-0.13639021992329656,73.32242225859247,44.2753385827556,65.3772735014274,0.3611511083333333,0.007227193458039611,-0.000808354760747273,34.533166666666666,0.012381662067570976,0.0004575317730398822
cogwear_10,baseline,2,1721467346.0,0,1,1,0.24033212773912194,0.3924822320941889,0.04523555729507606,0.2985432591464908,0.15311656373196048,0.20030273870546084,0.07659758358372143,0.14862263145615806,-0.2431088745063877,0.13947226851681516,-0.10788100643688442,-0.07651898014823905,72.29693383539538,47.18037782246543,66.56532779225583,0.34046625833333327,0.004596195084878783,-0.00046537033127300984,34.53516666666666,0.012381662067571046,-0.0005742065421210627
cogwear_10,cognitive_load,0,1721466943.75,1,1,1,0.6434729260132492,0.7078749966172457,0.29748723007168887,0.44189664823310965,0.21017000888028992,0.25655178405572165,0.1645242231369745,0.2744022651031288,-0.15689362781194108,0.29582083653553276,0.08731722119139895,-0.045645785743315404,76.22317596566523,166.70735180499187,40.721321700894094,0.29345393333333336,0.011264539099709713,0.0011079364400305549,34.70683333333333,0.020775920891475955,-0.0019851378567959867
cogwear_10,cognitive_load,1,1721466973.75,1,1,1,0.5258292943352786,0.40741399180433696,0.19748945339538998,0.3161476659466006,0.22764579039653712,0.2510040696383839,0.1908482463335358,0.25966238635756256,-0.10468146380844952,0.24143761750589773,-0.030156337001147143,-0.036797544063001314,72.0257234726688,152.76443142090682,50.008516858952966,0.31163283333333336,0.0033039233630471616,-0.00011119163830822077,34.64183333333334,0.020775920891475612,-0.0021195916383083438
cogwear_10,cognitive_load,2,1721467003.75,1,1,1,0.36551922074639176,0.5080599040816072,0.18927459241142047,0.42705635017969107,0.2817457898223556,0.2985148363710426,0.13778761223065142,0.21977278030163455,-0.19904508453942302,0.18528082175551172,-0.09247119741093512,-0.14395817759170418,74.6839546191248,99.66461615982733,56.136548449567336,0.31956375833333334,0.00491376591830854,0.00041505350371553367,34.58433333333333,0.017546762917669847,-0.0016367803319672217
