feature,standardized_coefficient,absolute_coefficient
wearable_bvp_variability,0.828187013419012,0.828187013419012
wearable_pulse_interval_rmssd_ms,0.6157309517421058,0.6157309517421058
wearable_pulse_rate_bpm,0.3295583446001647,0.3295583446001647
wearable_temperature_mean,0.27016946094256555,0.27016946094256555
wearable_eda_mean,-0.21716258638703073,0.21716258638703073
wearable_eda_variability,0.1893342279300734,0.1893342279300734
wearable_temperature_variability,0.15917955099560668,0.15917955099560668
wearable_eda_slope,0.1478595841164656,0.1478595841164656
wearable_temperature_slope,-0.016122261711554026,0.016122261711554026
